img_name,label
0003.jpg,122
0008.jpg,136
0010.jpg,047
0011.jpg,148
0012.jpg,036
0013.jpg,171
0014.jpg,185
0017.jpg,146
0018.jpg,183
0019.jpg,120
0023.jpg,016
0027.jpg,063
0029.jpg,154
0031.jpg,161
0032.jpg,172
0035.jpg,163
0036.jpg,186
0037.jpg,173
0038.jpg,025
0039.jpg,129
0041.jpg,017
0042.jpg,038
0044.jpg,068
0046.jpg,095
0048.jpg,171
0049.jpg,034
0056.jpg,076
0057.jpg,112
0058.jpg,144
0061.jpg,081
0062.jpg,050
0063.jpg,168
0065.jpg,191
0066.jpg,110
0067.jpg,020
0068.jpg,136
0069.jpg,089
0070.jpg,039
0073.jpg,187
0079.jpg,049
0082.jpg,041
0083.jpg,124
0084.jpg,169
0086.jpg,151
0087.jpg,046
0089.jpg,043
0090.jpg,182
0093.jpg,195
0094.jpg,008
0096.jpg,125
0098.jpg,145
0099.jpg,148
0101.jpg,190
0102.jpg,096
0106.jpg,116
0109.jpg,050
0111.jpg,085
0112.jpg,121
0117.jpg,026
0118.jpg,038
0119.jpg,055
0121.jpg,030
0123.jpg,016
0124.jpg,013
0128.jpg,126
0131.jpg,061
0132.jpg,175
0133.jpg,161
0134.jpg,019
0137.jpg,104
0139.jpg,077
0140.jpg,107
0141.jpg,154
0142.jpg,048
0144.jpg,113
0145.jpg,127
0146.jpg,045
0148.jpg,110
0149.jpg,103
0150.jpg,082
0152.jpg,010
0153.jpg,032
0162.jpg,041
0166.jpg,027
0172.jpg,107
0175.jpg,182
0176.jpg,038
0178.jpg,058
0179.jpg,154
0180.jpg,196
0184.jpg,041
0185.jpg,021
0188.jpg,158
0190.jpg,107
0191.jpg,009
0192.jpg,112
0196.jpg,042
0198.jpg,162
0202.jpg,049
0203.jpg,077
0204.jpg,148
0207.jpg,111
0212.jpg,177
0219.jpg,003
0220.jpg,199
0222.jpg,148
0223.jpg,045
0224.jpg,083
0228.jpg,165
0229.jpg,133
0230.jpg,100
0233.jpg,119
0235.jpg,156
0236.jpg,043
0238.jpg,106
0239.jpg,106
0241.jpg,026
0242.jpg,038
0243.jpg,096
0244.jpg,056
0247.jpg,179
0248.jpg,016
0249.jpg,197
0250.jpg,190
0251.jpg,046
0252.jpg,031
0254.jpg,097
0256.jpg,173
0258.jpg,063
0259.jpg,183
0260.jpg,102
0262.jpg,151
0263.jpg,023
0264.jpg,100
0267.jpg,135
0268.jpg,123
0270.jpg,099
0281.jpg,102
0283.jpg,071
0285.jpg,107
0290.jpg,167
0292.jpg,175
0293.jpg,054
0295.jpg,007
0296.jpg,136
0297.jpg,136
0298.jpg,022
0302.jpg,132
0303.jpg,077
0304.jpg,114
0306.jpg,064
0308.jpg,005
0309.jpg,174
0311.jpg,086
0315.jpg,063
0316.jpg,190
0317.jpg,047
0318.jpg,103
0319.jpg,053
0320.jpg,152
0321.jpg,093
0324.jpg,004
0325.jpg,093
0327.jpg,180
0328.jpg,039
0329.jpg,013
0330.jpg,124
0332.jpg,092
0337.jpg,061
0339.jpg,150
0343.jpg,127
0347.jpg,046
0349.jpg,118
0350.jpg,103
0351.jpg,182
0352.jpg,178
0353.jpg,186
0355.jpg,104
0357.jpg,054
0359.jpg,017
0365.jpg,166
0367.jpg,003
0371.jpg,119
0372.jpg,151
0373.jpg,106
0374.jpg,058
0378.jpg,181
0380.jpg,183
0382.jpg,143
0385.jpg,141
0387.jpg,082
0390.jpg,167
0392.jpg,018
0394.jpg,022
0398.jpg,019
0400.jpg,036
0401.jpg,006
0404.jpg,133
0405.jpg,020
0406.jpg,154
0407.jpg,158
0410.jpg,100
0413.jpg,151
0415.jpg,014
0417.jpg,076
0420.jpg,004
0423.jpg,132
0427.jpg,170
0432.jpg,011
0434.jpg,137
0436.jpg,005
0438.jpg,038
0439.jpg,179
0440.jpg,107
0441.jpg,176
0442.jpg,175
0443.jpg,139
0444.jpg,125
0446.jpg,136
0447.jpg,050
0448.jpg,049
0450.jpg,085
0451.jpg,064
0452.jpg,098
0453.jpg,068
0454.jpg,170
0455.jpg,188
0456.jpg,049
0457.jpg,011
0458.jpg,196
0460.jpg,144
0461.jpg,033
0462.jpg,117
0463.jpg,050
0464.jpg,013
0465.jpg,030
0466.jpg,010
0468.jpg,121
0470.jpg,092
0473.jpg,122
0475.jpg,134
0476.jpg,049
0480.jpg,079
0482.jpg,056
0484.jpg,153
0486.jpg,152
0488.jpg,095
0490.jpg,098
0492.jpg,029
0496.jpg,189
0499.jpg,081
0500.jpg,147
0502.jpg,186
0503.jpg,190
0509.jpg,051
0510.jpg,170
0511.jpg,038
0512.jpg,064
0515.jpg,132
0516.jpg,123
0517.jpg,006
0520.jpg,146
0523.jpg,037
0525.jpg,029
0526.jpg,173
0531.jpg,023
0534.jpg,010
0535.jpg,160
0538.jpg,070
0539.jpg,093
0540.jpg,196
0543.jpg,044
0544.jpg,097
0545.jpg,026
0547.jpg,096
0548.jpg,037
0550.jpg,144
0551.jpg,090
0553.jpg,174
0554.jpg,083
0556.jpg,044
0557.jpg,035
0564.jpg,021
0566.jpg,099
0567.jpg,128
0568.jpg,040
0570.jpg,158
0571.jpg,156
0573.jpg,167
0577.jpg,033
0579.jpg,042
0580.jpg,136
0581.jpg,103
0583.jpg,084
0584.jpg,044
0585.jpg,195
0586.jpg,164
0588.jpg,115
0589.jpg,150
0592.jpg,144
0596.jpg,079
0597.jpg,105
0598.jpg,016
0599.jpg,110
0603.jpg,018
0604.jpg,127
0605.jpg,193
0607.jpg,097
0609.jpg,038
0610.jpg,186
0611.jpg,028
0612.jpg,055
0613.jpg,101
0614.jpg,148
0618.jpg,056
0620.jpg,113
0621.jpg,195
0622.jpg,130
0623.jpg,147
0627.jpg,133
0631.jpg,126
0632.jpg,165
0633.jpg,088
0634.jpg,081
0636.jpg,063
0638.jpg,164
0639.jpg,160
0641.jpg,078
0642.jpg,089
0643.jpg,022
0645.jpg,071
0646.jpg,071
0649.jpg,133
0652.jpg,115
0653.jpg,131
0655.jpg,053
0657.jpg,029
0658.jpg,117
0659.jpg,038
0661.jpg,119
0662.jpg,154
0663.jpg,069
0664.jpg,038
0666.jpg,154
0669.jpg,193
0670.jpg,112
0673.jpg,140
0676.jpg,156
0677.jpg,078
0681.jpg,137
0685.jpg,028
0687.jpg,147
0696.jpg,186
0700.jpg,200
0702.jpg,178
0704.jpg,111
0707.jpg,104
0711.jpg,128
0712.jpg,087
0713.jpg,144
0714.jpg,189
0715.jpg,137
0716.jpg,020
0718.jpg,106
0721.jpg,063
0722.jpg,159
0730.jpg,142
0735.jpg,128
0737.jpg,114
0740.jpg,025
0741.jpg,122
0742.jpg,153
0743.jpg,123
0744.jpg,051
0745.jpg,043
0747.jpg,198
0748.jpg,003
0749.jpg,094
0752.jpg,011
0753.jpg,182
0754.jpg,035
0755.jpg,193
0756.jpg,195
0758.jpg,054
0759.jpg,114
0761.jpg,098
0762.jpg,185
0763.jpg,195
0768.jpg,038
0770.jpg,163
0771.jpg,119
0773.jpg,022
0774.jpg,102
0775.jpg,186
0776.jpg,036
0778.jpg,180
0780.jpg,004
0782.jpg,119
0786.jpg,004
0789.jpg,183
0791.jpg,086
0792.jpg,069
0793.jpg,003
0795.jpg,196
0796.jpg,123
0804.jpg,119
0807.jpg,080
0810.jpg,057
0813.jpg,159
0815.jpg,049
0816.jpg,109
0818.jpg,087
0822.jpg,074
0823.jpg,044
0824.jpg,024
0825.jpg,054
0828.jpg,089
0829.jpg,080
0830.jpg,137
0833.jpg,080
0835.jpg,195
0838.jpg,062
0839.jpg,168
0841.jpg,063
0842.jpg,118
0845.jpg,127
0846.jpg,076
0847.jpg,002
0851.jpg,055
0853.jpg,139
0857.jpg,181
0860.jpg,141
0861.jpg,066
0862.jpg,144
0867.jpg,120
0870.jpg,195
0872.jpg,005
0876.jpg,082
0880.jpg,079
0881.jpg,034
0882.jpg,161
0886.jpg,120
0887.jpg,093
0888.jpg,097
0890.jpg,180
0892.jpg,020
0893.jpg,165
0896.jpg,081
0897.jpg,020
0898.jpg,148
0899.jpg,066
0901.jpg,151
0904.jpg,017
0906.jpg,171
0907.jpg,161
0908.jpg,134
0911.jpg,155
0913.jpg,139
0916.jpg,140
0918.jpg,055
0919.jpg,075
0921.jpg,183
0924.jpg,067
0926.jpg,184
0930.jpg,151
0931.jpg,019
0935.jpg,104
0936.jpg,200
0938.jpg,187
0939.jpg,069
0943.jpg,149
0945.jpg,078
0947.jpg,198
0949.jpg,028
0950.jpg,080
0951.jpg,068
0953.jpg,015
0956.jpg,171
0957.jpg,159
0958.jpg,185
0961.jpg,083
0963.jpg,134
0964.jpg,057
0968.jpg,071
0969.jpg,025
0970.jpg,090
0971.jpg,023
0973.jpg,156
0979.jpg,094
0981.jpg,134
0983.jpg,024
0985.jpg,106
0986.jpg,033
0987.jpg,121
0989.jpg,128
0992.jpg,004
0996.jpg,123
0999.jpg,094
1001.jpg,022
1006.jpg,187
1007.jpg,123
1008.jpg,193
1009.jpg,087
1010.jpg,140
1011.jpg,018
1013.jpg,169
1014.jpg,101
1018.jpg,004
1020.jpg,090
1022.jpg,172
1024.jpg,045
1025.jpg,096
1026.jpg,010
1027.jpg,046
1029.jpg,152
1030.jpg,057
1032.jpg,054
1033.jpg,048
1035.jpg,100
1038.jpg,164
1039.jpg,158
1040.jpg,091
1042.jpg,066
1046.jpg,152
1048.jpg,007
1050.jpg,010
1051.jpg,031
1053.jpg,062
1055.jpg,165
1058.jpg,055
1060.jpg,188
1061.jpg,087
1066.jpg,094
1068.jpg,173
1069.jpg,110
1070.jpg,003
1071.jpg,042
1074.jpg,153
1075.jpg,047
1077.jpg,077
1079.jpg,166
1081.jpg,021
1083.jpg,180
1084.jpg,092
1085.jpg,012
1086.jpg,153
1088.jpg,075
1089.jpg,141
1090.jpg,141
1092.jpg,056
1096.jpg,108
1098.jpg,092
1102.jpg,017
1103.jpg,118
1105.jpg,192
1106.jpg,126
1107.jpg,065
1109.jpg,030
1110.jpg,173
1112.jpg,051
1115.jpg,178
1116.jpg,047
1117.jpg,157
1119.jpg,136
1122.jpg,038
1123.jpg,138
1124.jpg,134
1127.jpg,130
1130.jpg,044
1131.jpg,090
1132.jpg,134
1135.jpg,200
1136.jpg,059
1137.jpg,084
1138.jpg,167
1145.jpg,029
1146.jpg,193
1147.jpg,184
1148.jpg,149
1149.jpg,124
1150.jpg,198
1152.jpg,186
1153.jpg,155
1154.jpg,009
1155.jpg,004
1156.jpg,053
1157.jpg,131
1158.jpg,083
1162.jpg,075
1164.jpg,130
1165.jpg,056
1166.jpg,074
1169.jpg,041
1170.jpg,150
1171.jpg,098
1172.jpg,165
1174.jpg,115
1175.jpg,055
1176.jpg,134
1179.jpg,158
1180.jpg,117
1182.jpg,032
1183.jpg,091
1186.jpg,093
1187.jpg,026
1190.jpg,048
1191.jpg,022
1192.jpg,088
1193.jpg,045
1194.jpg,143
1195.jpg,113
1198.jpg,137
1199.jpg,012
1201.jpg,146
1204.jpg,077
1205.jpg,130
1206.jpg,010
1207.jpg,192
1208.jpg,138
1213.jpg,008
1216.jpg,113
1217.jpg,042
1219.jpg,105
1221.jpg,124
1222.jpg,009
1224.jpg,041
1225.jpg,150
1227.jpg,044
1232.jpg,019
1237.jpg,090
1240.jpg,199
1241.jpg,052
1244.jpg,135
1247.jpg,091
1250.jpg,096
1251.jpg,148
1252.jpg,144
1254.jpg,132
1255.jpg,111
1256.jpg,075
1257.jpg,174
1259.jpg,056
1261.jpg,171
1264.jpg,073
1265.jpg,045
1266.jpg,107
1267.jpg,172
1268.jpg,002
1269.jpg,196
1271.jpg,145
1273.jpg,110
1274.jpg,075
1276.jpg,027
1281.jpg,115
1283.jpg,084
1286.jpg,102
1287.jpg,128
1289.jpg,142
1290.jpg,122
1291.jpg,017
1292.jpg,042
1293.jpg,023
1294.jpg,119
1300.jpg,085
1304.jpg,056
1305.jpg,107
1306.jpg,178
1308.jpg,047
1309.jpg,155
1313.jpg,133
1314.jpg,121
1316.jpg,113
1318.jpg,161
1320.jpg,127
1322.jpg,140
1323.jpg,129
1324.jpg,196
1325.jpg,186
1326.jpg,037
1328.jpg,053
1330.jpg,131
1331.jpg,043
1332.jpg,058
1333.jpg,018
1335.jpg,174
1336.jpg,123
1338.jpg,012
1339.jpg,178
1343.jpg,029
1344.jpg,149
1345.jpg,009
1348.jpg,052
1349.jpg,155
1350.jpg,036
1352.jpg,194
1353.jpg,102
1356.jpg,024
1357.jpg,071
1359.jpg,160
1362.jpg,068
1363.jpg,147
1365.jpg,056
1366.jpg,095
1368.jpg,071
1369.jpg,076
1370.jpg,187
1371.jpg,128
1375.jpg,112
1378.jpg,100
1379.jpg,167
1380.jpg,173
1384.jpg,103
1385.jpg,013
1386.jpg,091
1387.jpg,036
1390.jpg,174
1392.jpg,162
1395.jpg,101
1396.jpg,014
1397.jpg,015
1399.jpg,016
1400.jpg,127
1402.jpg,181
1403.jpg,007
1406.jpg,105
1407.jpg,131
1408.jpg,091
1409.jpg,077
1412.jpg,133
1416.jpg,049
1417.jpg,108
1418.jpg,180
1419.jpg,116
1420.jpg,073
1423.jpg,035
1425.jpg,135
1428.jpg,113
1430.jpg,189
1431.jpg,014
1433.jpg,200
1434.jpg,007
1435.jpg,048
1439.jpg,113
1440.jpg,055
1441.jpg,146
1442.jpg,033
1446.jpg,030
1447.jpg,030
1448.jpg,169
1451.jpg,138
1452.jpg,164
1453.jpg,179
1458.jpg,045
1460.jpg,141
1466.jpg,055
1469.jpg,120
1473.jpg,126
1476.jpg,192
1479.jpg,104
1480.jpg,140
1482.jpg,023
1483.jpg,115
1484.jpg,086
1487.jpg,125
1494.jpg,029
1495.jpg,172
1501.jpg,036
1505.jpg,089
1507.jpg,079
1509.jpg,006
1510.jpg,040
1513.jpg,077
1517.jpg,083
1519.jpg,194
1521.jpg,069
1524.jpg,049
1526.jpg,062
1527.jpg,139
1529.jpg,100
1530.jpg,168
1531.jpg,152
1534.jpg,063
1535.jpg,194
1536.jpg,171
1542.jpg,200
1543.jpg,033
1545.jpg,077
1546.jpg,087
1549.jpg,110
1550.jpg,035
1554.jpg,149
1558.jpg,110
1560.jpg,021
1562.jpg,135
1565.jpg,027
1570.jpg,198
1574.jpg,104
1576.jpg,095
1579.jpg,080
1580.jpg,133
1581.jpg,051
1590.jpg,159
1591.jpg,106
1597.jpg,162
1598.jpg,198
1600.jpg,106
1602.jpg,087
1607.jpg,110
1609.jpg,125
1612.jpg,158
1615.jpg,138
1616.jpg,126
1618.jpg,048
1619.jpg,086
1621.jpg,073
1622.jpg,032
1623.jpg,192
1625.jpg,004
1626.jpg,178
1627.jpg,111
1632.jpg,176
1633.jpg,101
1636.jpg,063
1638.jpg,177
1640.jpg,142
1642.jpg,149
1643.jpg,151
1644.jpg,067
1647.jpg,021
1648.jpg,056
1649.jpg,005
1653.jpg,083
1654.jpg,072
1656.jpg,024
1657.jpg,100
1658.jpg,018
1660.jpg,035
1662.jpg,006
1663.jpg,086
1664.jpg,131
1666.jpg,069
1670.jpg,065
1673.jpg,087
1675.jpg,155
1676.jpg,188
1677.jpg,026
1678.jpg,008
1686.jpg,011
1687.jpg,064
1688.jpg,005
1689.jpg,150
1690.jpg,152
1691.jpg,079
1692.jpg,190
1694.jpg,148
1696.jpg,182
1700.jpg,184
1702.jpg,166
1703.jpg,144
1706.jpg,157
1708.jpg,177
1709.jpg,128
1710.jpg,190
1714.jpg,005
1718.jpg,192
1719.jpg,120
1720.jpg,127
1725.jpg,101
1726.jpg,074
1727.jpg,184
1731.jpg,113
1732.jpg,067
1733.jpg,089
1737.jpg,083
1739.jpg,084
1740.jpg,063
1741.jpg,155
1742.jpg,067
1746.jpg,097
1747.jpg,112
1752.jpg,167
1754.jpg,189
1757.jpg,154
1759.jpg,075
1760.jpg,190
1763.jpg,162
1764.jpg,059
1765.jpg,002
1770.jpg,082
1771.jpg,170
1772.jpg,196
1777.jpg,112
1778.jpg,066
1781.jpg,074
1783.jpg,147
1787.jpg,078
1789.jpg,162
1790.jpg,043
1791.jpg,012
1792.jpg,111
1793.jpg,150
1794.jpg,066
1796.jpg,170
1797.jpg,092
1798.jpg,110
1799.jpg,194
1801.jpg,062
1802.jpg,093
1805.jpg,011
1806.jpg,043
1813.jpg,182
1814.jpg,095
1815.jpg,053
1816.jpg,046
1818.jpg,197
1820.jpg,052
1822.jpg,135
1823.jpg,169
1825.jpg,145
1828.jpg,056
1829.jpg,154
1833.jpg,060
1835.jpg,163
1837.jpg,017
1839.jpg,033
1841.jpg,079
1844.jpg,149
1846.jpg,142
1851.jpg,146
1853.jpg,071
1856.jpg,178
1857.jpg,050
1858.jpg,129
1859.jpg,197
1861.jpg,082
1862.jpg,111
1863.jpg,095
1864.jpg,096
1865.jpg,192
1867.jpg,009
1873.jpg,157
1874.jpg,126
1880.jpg,180
1881.jpg,064
1886.jpg,053
1890.jpg,094
1893.jpg,192
1894.jpg,117
1895.jpg,105
1896.jpg,050
1898.jpg,119
1899.jpg,172
1901.jpg,012
1902.jpg,072
1903.jpg,103
1904.jpg,122
1905.jpg,158
1906.jpg,134
1907.jpg,123
1909.jpg,087
1910.jpg,095
1913.jpg,034
1914.jpg,105
1917.jpg,106
1920.jpg,103
1923.jpg,012
1924.jpg,116
1926.jpg,078
1934.jpg,109
1936.jpg,115
1937.jpg,188
1940.jpg,049
1944.jpg,092
1946.jpg,016
1949.jpg,169
1951.jpg,175
1952.jpg,035
1956.jpg,118
1959.jpg,142
1961.jpg,115
1962.jpg,159
1963.jpg,040
1964.jpg,070
1969.jpg,097
1970.jpg,089
1971.jpg,070
1975.jpg,102
1979.jpg,024
1982.jpg,070
1983.jpg,174
1986.jpg,167
1987.jpg,173
1988.jpg,102
1989.jpg,093
1990.jpg,106
1991.jpg,122
1992.jpg,091
1993.jpg,112
1998.jpg,010
2000.jpg,006
2002.jpg,155
2003.jpg,091
2007.jpg,155
2010.jpg,027
2015.jpg,006
2016.jpg,051
2017.jpg,138
2018.jpg,093
2022.jpg,040
2024.jpg,110
2027.jpg,066
2029.jpg,156
2033.jpg,086
2034.jpg,168
2038.jpg,004
2044.jpg,042
2045.jpg,081
2046.jpg,109
2047.jpg,016
2048.jpg,187
2054.jpg,149
2059.jpg,114
2061.jpg,003
2062.jpg,134
2064.jpg,043
2068.jpg,142
2072.jpg,126
2073.jpg,096
2075.jpg,098
2078.jpg,158
2080.jpg,180
2081.jpg,039
2082.jpg,131
2084.jpg,162
2086.jpg,199
2089.jpg,194
2090.jpg,164
2092.jpg,072
2101.jpg,037
2102.jpg,127
2104.jpg,143
2105.jpg,198
2109.jpg,084
2114.jpg,111
2115.jpg,023
2116.jpg,140
2117.jpg,163
2121.jpg,005
2122.jpg,191
2124.jpg,103
2125.jpg,067
2126.jpg,026
2128.jpg,197
2129.jpg,124
2130.jpg,132
2133.jpg,192
2134.jpg,031
2136.jpg,131
2141.jpg,168
2142.jpg,195
2145.jpg,053
2147.jpg,056
2148.jpg,143
2150.jpg,029
2152.jpg,169
2153.jpg,198
2154.jpg,185
2156.jpg,025
2159.jpg,120
2162.jpg,068
2163.jpg,025
2164.jpg,176
2165.jpg,118
2166.jpg,085
2168.jpg,196
2169.jpg,143
2170.jpg,013
2171.jpg,173
2173.jpg,015
2174.jpg,148
2176.jpg,040
2178.jpg,119
2180.jpg,011
2181.jpg,098
2182.jpg,104
2183.jpg,178
2184.jpg,108
2186.jpg,129
2187.jpg,186
2190.jpg,199
2191.jpg,088
2193.jpg,152
2194.jpg,002
2198.jpg,040
2204.jpg,089
2206.jpg,041
2207.jpg,030
2210.jpg,138
2211.jpg,107
2212.jpg,063
2213.jpg,073
2214.jpg,040
2215.jpg,141
2216.jpg,099
2217.jpg,184
2218.jpg,034
2219.jpg,149
2220.jpg,064
2221.jpg,042
2224.jpg,120
2225.jpg,108
2227.jpg,120
2228.jpg,160
2230.jpg,048
2235.jpg,079
2236.jpg,024
2239.jpg,188
2242.jpg,191
2247.jpg,075
2248.jpg,184
2249.jpg,167
2250.jpg,030
2251.jpg,083
2252.jpg,052
2253.jpg,142
2255.jpg,043
2256.jpg,101
2257.jpg,097
2259.jpg,136
2260.jpg,058
2261.jpg,073
2267.jpg,008
2270.jpg,045
2271.jpg,024
2272.jpg,192
2273.jpg,014
2274.jpg,126
2277.jpg,150
2279.jpg,089
2280.jpg,028
2281.jpg,090
2285.jpg,087
2286.jpg,115
2287.jpg,176
2288.jpg,073
2289.jpg,012
2291.jpg,187
2295.jpg,151
2296.jpg,108
2297.jpg,013
2298.jpg,033
2299.jpg,119
2301.jpg,059
2302.jpg,154
2303.jpg,092
2305.jpg,154
2307.jpg,169
2308.jpg,102
2311.jpg,198
2316.jpg,096
2317.jpg,027
2318.jpg,007
2322.jpg,184
2325.jpg,129
2327.jpg,128
2330.jpg,139
2331.jpg,026
2332.jpg,008
2343.jpg,079
2345.jpg,123
2347.jpg,123
2350.jpg,024
2352.jpg,061
2353.jpg,114
2357.jpg,067
2358.jpg,021
2361.jpg,116
2362.jpg,166
2364.jpg,127
2366.jpg,009
2367.jpg,082
2368.jpg,162
2369.jpg,027
2370.jpg,162
2371.jpg,050
2374.jpg,059
2376.jpg,171
2379.jpg,041
2381.jpg,002
2382.jpg,177
2383.jpg,031
2384.jpg,159
2387.jpg,145
2389.jpg,096
2390.jpg,078
2393.jpg,014
2396.jpg,190
2399.jpg,176
2401.jpg,013
2402.jpg,002
2405.jpg,096
2407.jpg,144
2410.jpg,072
2412.jpg,171
2413.jpg,197
2415.jpg,018
2419.jpg,077
2423.jpg,026
2425.jpg,152
2426.jpg,064
2429.jpg,156
2432.jpg,126
2433.jpg,029
2434.jpg,175
2439.jpg,023
2443.jpg,065
2444.jpg,079
2445.jpg,025
2448.jpg,142
2449.jpg,047
2452.jpg,091
2453.jpg,157
2454.jpg,167
2456.jpg,081
2457.jpg,140
2458.jpg,190
2462.jpg,084
2463.jpg,075
2464.jpg,037
2465.jpg,091
2466.jpg,164
2468.jpg,145
2473.jpg,082
2475.jpg,187
2477.jpg,182
2479.jpg,064
2484.jpg,018
2487.jpg,190
2489.jpg,013
2491.jpg,091
2492.jpg,107
2494.jpg,052
2495.jpg,022
2496.jpg,146
2497.jpg,091
2499.jpg,155
2502.jpg,005
2503.jpg,187
2505.jpg,123
2506.jpg,133
2510.jpg,124
2511.jpg,172
2514.jpg,029
2515.jpg,023
2517.jpg,032
2518.jpg,089
2519.jpg,198
2522.jpg,011
2525.jpg,015
2528.jpg,047
2529.jpg,028
2530.jpg,027
2532.jpg,018
2534.jpg,020
2535.jpg,200
2536.jpg,111
2537.jpg,200
2538.jpg,060
2539.jpg,094
2540.jpg,127
2543.jpg,132
2548.jpg,103
2552.jpg,009
2553.jpg,040
2554.jpg,046
2556.jpg,177
2557.jpg,014
2561.jpg,086
2562.jpg,181
2563.jpg,169
2565.jpg,108
2567.jpg,148
2568.jpg,136
2569.jpg,060
2570.jpg,058
2572.jpg,088
2573.jpg,115
2575.jpg,066
2577.jpg,179
2579.jpg,137
2581.jpg,141
2584.jpg,058
2586.jpg,010
2587.jpg,055
2590.jpg,042
2591.jpg,078
2593.jpg,113
2595.jpg,014
2597.jpg,146
2598.jpg,153
2599.jpg,145
2601.jpg,019
2602.jpg,134
2603.jpg,054
2604.jpg,124
2605.jpg,117
2606.jpg,116
2609.jpg,193
2612.jpg,134
2614.jpg,136
2615.jpg,179
2617.jpg,122
2620.jpg,092
2623.jpg,073
2625.jpg,100
2631.jpg,022
2634.jpg,037
2637.jpg,081
2638.jpg,004
2639.jpg,137
2640.jpg,145
2642.jpg,185
2643.jpg,048
2644.jpg,185
2646.jpg,145
2649.jpg,041
2653.jpg,083
2661.jpg,138
2665.jpg,157
2666.jpg,112
2668.jpg,161
2670.jpg,054
2672.jpg,151
2673.jpg,080
2674.jpg,135
2679.jpg,090
2684.jpg,198
2687.jpg,110
2689.jpg,118
2693.jpg,133
2697.jpg,135
2699.jpg,099
2700.jpg,168
2704.jpg,155
2705.jpg,143
2706.jpg,076
2708.jpg,188
2709.jpg,059
2710.jpg,018
2711.jpg,140
2712.jpg,143
2714.jpg,020
2715.jpg,199
2716.jpg,033
2717.jpg,185
2718.jpg,168
2719.jpg,193
2720.jpg,111
2721.jpg,084
2723.jpg,139
2725.jpg,163
2728.jpg,028
2729.jpg,085
2731.jpg,062
2733.jpg,174
2737.jpg,195
2739.jpg,182
2746.jpg,177
2747.jpg,039
2749.jpg,029
2750.jpg,005
2751.jpg,091
2755.jpg,079
2756.jpg,147
2760.jpg,157
2761.jpg,143
2762.jpg,011
2763.jpg,019
2764.jpg,054
2765.jpg,096
2766.jpg,043
2767.jpg,026
2770.jpg,022
2772.jpg,045
2773.jpg,143
2775.jpg,088
2777.jpg,167
2778.jpg,098
2780.jpg,097
2786.jpg,087
2787.jpg,140
2788.jpg,126
2790.jpg,129
2791.jpg,126
2792.jpg,177
2793.jpg,160
2794.jpg,161
2796.jpg,003
2797.jpg,178
2798.jpg,111
2800.jpg,145
2801.jpg,194
2802.jpg,143
2805.jpg,030
2815.jpg,123
2816.jpg,080
2818.jpg,033
2819.jpg,159
2820.jpg,097
2821.jpg,087
2823.jpg,139
2824.jpg,125
2825.jpg,190
2828.jpg,009
2831.jpg,016
2834.jpg,086
2837.jpg,019
2841.jpg,053
2842.jpg,016
2844.jpg,048
2845.jpg,163
2846.jpg,182
2847.jpg,088
2848.jpg,163
2850.jpg,188
2851.jpg,160
2853.jpg,088
2855.jpg,006
2858.jpg,076
2859.jpg,104
2860.jpg,098
2861.jpg,169
2866.jpg,046
2867.jpg,079
2868.jpg,058
2871.jpg,179
2872.jpg,072
2873.jpg,161
2874.jpg,099
2875.jpg,024
2876.jpg,057
2878.jpg,012
2880.jpg,164
2883.jpg,080
2885.jpg,177
2886.jpg,125
2888.jpg,011
2889.jpg,194
2890.jpg,101
2894.jpg,037
2895.jpg,042
2897.jpg,172
2901.jpg,036
2903.jpg,195
2904.jpg,173
2907.jpg,124
2911.jpg,136
2912.jpg,041
2916.jpg,091
2917.jpg,123
2918.jpg,106
2920.jpg,096
2921.jpg,052
2923.jpg,025
2924.jpg,018
2926.jpg,175
2930.jpg,187
2932.jpg,034
2934.jpg,081
2936.jpg,095
2937.jpg,131
2938.jpg,107
2942.jpg,176
2944.jpg,141
2945.jpg,093
2946.jpg,007
2947.jpg,035
2949.jpg,174
2953.jpg,159
2954.jpg,129
2955.jpg,084
2956.jpg,103
2961.jpg,181
2963.jpg,067
2964.jpg,095
2965.jpg,164
2968.jpg,164
2969.jpg,065
2971.jpg,132
2975.jpg,135
2976.jpg,135
2977.jpg,099
2978.jpg,007
2980.jpg,117
2981.jpg,031
2982.jpg,157
2983.jpg,034
2984.jpg,071
2986.jpg,109
2989.jpg,103
2991.jpg,146
2994.jpg,189
2995.jpg,007
2998.jpg,197
2999.jpg,142
3001.jpg,082
3002.jpg,073
3010.jpg,130
3011.jpg,038
3012.jpg,183
3014.jpg,036
3016.jpg,026
3017.jpg,021
3019.jpg,067
3022.jpg,063
3030.jpg,114
3035.jpg,151
3036.jpg,084
3038.jpg,009
3040.jpg,033
3043.jpg,028
3045.jpg,121
3046.jpg,085
3048.jpg,092
3050.jpg,176
3051.jpg,054
3053.jpg,197
3057.jpg,076
3059.jpg,018
3060.jpg,095
3064.jpg,111
3068.jpg,162
3069.jpg,036
3071.jpg,151
3073.jpg,097
3076.jpg,066
3078.jpg,085
3080.jpg,163
3081.jpg,046
3084.jpg,099
3085.jpg,150
3086.jpg,142
3087.jpg,052
3089.jpg,141
3092.jpg,138
3093.jpg,179
3094.jpg,015
3096.jpg,154
3103.jpg,125
3105.jpg,169
3107.jpg,042
3108.jpg,030
3110.jpg,098
3112.jpg,013
3113.jpg,140
3114.jpg,138
3119.jpg,025
3123.jpg,007
3124.jpg,100
3126.jpg,171
3128.jpg,070
3129.jpg,134
3130.jpg,124
3132.jpg,077
3134.jpg,125
3135.jpg,022
3137.jpg,192
3138.jpg,043
3140.jpg,155
3141.jpg,112
3142.jpg,042
3143.jpg,161
3144.jpg,160
3146.jpg,200
3149.jpg,087
3150.jpg,043
3152.jpg,023
3154.jpg,001
3157.jpg,168
3158.jpg,022
3159.jpg,108
3160.jpg,167
3161.jpg,023
3165.jpg,104
3168.jpg,078
3170.jpg,005
3172.jpg,148
3173.jpg,118
3175.jpg,051
3176.jpg,178
3178.jpg,196
3179.jpg,126
3180.jpg,084
3181.jpg,168
3182.jpg,153
3185.jpg,197
3186.jpg,080
3188.jpg,112
3192.jpg,128
3197.jpg,062
3198.jpg,034
3200.jpg,140
3202.jpg,166
3205.jpg,081
3206.jpg,044
3209.jpg,197
3210.jpg,197
3211.jpg,007
3212.jpg,001
3213.jpg,100
3214.jpg,175
3215.jpg,061
3220.jpg,184
3223.jpg,181
3227.jpg,073
3229.jpg,138
3230.jpg,153
3231.jpg,075
3233.jpg,163
3234.jpg,061
3235.jpg,087
3236.jpg,172
3240.jpg,183
3241.jpg,006
3242.jpg,187
3243.jpg,055
3244.jpg,017
3247.jpg,004
3248.jpg,165
3249.jpg,067
3250.jpg,010
3251.jpg,040
3252.jpg,172
3253.jpg,058
3255.jpg,185
3256.jpg,077
3258.jpg,093
3260.jpg,026
3266.jpg,050
3267.jpg,134
3268.jpg,125
3269.jpg,057
3271.jpg,122
3273.jpg,196
3275.jpg,015
3277.jpg,021
3282.jpg,067
3289.jpg,011
3295.jpg,172
3296.jpg,163
3297.jpg,095
3302.jpg,095
3304.jpg,043
3308.jpg,149
3309.jpg,121
3312.jpg,013
3313.jpg,036
3314.jpg,137
3316.jpg,115
3319.jpg,052
3321.jpg,191
3322.jpg,006
3328.jpg,118
3330.jpg,019
3332.jpg,068
3333.jpg,085
3335.jpg,173
3336.jpg,106
3338.jpg,059
3339.jpg,072
3340.jpg,039
3343.jpg,072
3346.jpg,116
3348.jpg,004
3355.jpg,198
3359.jpg,049
3360.jpg,152
3361.jpg,104
3362.jpg,021
3363.jpg,196
3370.jpg,193
3372.jpg,048
3373.jpg,178
3375.jpg,136
3376.jpg,068
3378.jpg,007
3381.jpg,122
3383.jpg,097
3385.jpg,021
3389.jpg,065
3390.jpg,092
3391.jpg,079
3397.jpg,141
3398.jpg,052
3400.jpg,147
3403.jpg,184
3404.jpg,067
3405.jpg,070
3406.jpg,170
3407.jpg,157
3411.jpg,078
3415.jpg,021
3418.jpg,200
3421.jpg,133
3424.jpg,057
3425.jpg,078
3426.jpg,012
3427.jpg,129
3428.jpg,063
3431.jpg,199
3432.jpg,162
3433.jpg,161
3435.jpg,130
3436.jpg,126
3438.jpg,034
3441.jpg,089
3446.jpg,187
3447.jpg,029
3448.jpg,144
3449.jpg,120
3451.jpg,027
3458.jpg,142
3462.jpg,007
3464.jpg,156
3466.jpg,051
3467.jpg,111
3469.jpg,066
3470.jpg,097
3471.jpg,057
3474.jpg,044
3478.jpg,197
3479.jpg,062
3481.jpg,060
3482.jpg,033
3484.jpg,022
3487.jpg,118
3490.jpg,155
3501.jpg,045
3504.jpg,124
3505.jpg,051
3506.jpg,118
3509.jpg,093
3510.jpg,169
3511.jpg,072
3513.jpg,007
3514.jpg,110
3515.jpg,137
3519.jpg,045
3522.jpg,116
3523.jpg,035
3524.jpg,055
3525.jpg,131
3528.jpg,128
3530.jpg,132
3533.jpg,051
3534.jpg,176
3535.jpg,173
3537.jpg,165
3542.jpg,152
3543.jpg,129
3544.jpg,181
3545.jpg,189
3546.jpg,068
3549.jpg,110
3550.jpg,179
3553.jpg,114
3554.jpg,048
3556.jpg,051
3558.jpg,165
3559.jpg,045
3560.jpg,176
3561.jpg,186
3565.jpg,192
3567.jpg,025
3568.jpg,181
3570.jpg,044
3571.jpg,192
3573.jpg,050
3574.jpg,174
3576.jpg,020
3578.jpg,093
3582.jpg,192
3584.jpg,200
3586.jpg,105
3588.jpg,072
3589.jpg,013
3590.jpg,047
3591.jpg,048
3593.jpg,058
3594.jpg,021
3599.jpg,016
3603.jpg,035
3604.jpg,014
3606.jpg,084
3607.jpg,039
3610.jpg,170
3613.jpg,163
3614.jpg,152
3616.jpg,004
3617.jpg,190
3620.jpg,138
3621.jpg,130
3622.jpg,124
3626.jpg,122
3627.jpg,004
3628.jpg,081
3632.jpg,098
3634.jpg,020
3635.jpg,196
3636.jpg,164
3638.jpg,185
3639.jpg,071
3640.jpg,171
3646.jpg,187
3650.jpg,200
3651.jpg,115
3653.jpg,094
3655.jpg,034
3656.jpg,173
3663.jpg,063
3664.jpg,031
3665.jpg,079
3666.jpg,002
3667.jpg,186
3671.jpg,037
3673.jpg,164
3674.jpg,160
3675.jpg,107
3677.jpg,066
3679.jpg,003
3681.jpg,069
3684.jpg,091
3685.jpg,074
3686.jpg,017
3687.jpg,175
3691.jpg,039
3692.jpg,128
3695.jpg,029
3696.jpg,196
3698.jpg,022
3699.jpg,071
3700.jpg,036
3702.jpg,099
3706.jpg,133
3707.jpg,076
3709.jpg,012
3710.jpg,157
3711.jpg,172
3712.jpg,025
3714.jpg,045
3715.jpg,176
3717.jpg,135
3721.jpg,172
3722.jpg,098
3723.jpg,136
3725.jpg,188
3726.jpg,043
3728.jpg,009
3729.jpg,074
3730.jpg,173
3731.jpg,001
3734.jpg,105
3735.jpg,122
3736.jpg,048
3738.jpg,184
3740.jpg,065
3741.jpg,062
3742.jpg,019
3743.jpg,165
3744.jpg,034
3746.jpg,047
3747.jpg,018
3748.jpg,065
3750.jpg,128
3751.jpg,094
3752.jpg,176
3753.jpg,151
3754.jpg,172
3756.jpg,070
3761.jpg,071
3763.jpg,068
3765.jpg,094
3768.jpg,105
3774.jpg,086
3775.jpg,014
3776.jpg,019
3778.jpg,001
3779.jpg,066
3781.jpg,183
3782.jpg,149
3783.jpg,070
3785.jpg,041
3786.jpg,032
3787.jpg,114
3788.jpg,067
3790.jpg,131
3794.jpg,188
3796.jpg,034
3797.jpg,156
3798.jpg,188
3801.jpg,072
3803.jpg,166
3805.jpg,168
3808.jpg,078
3810.jpg,129
3811.jpg,045
3812.jpg,109
3813.jpg,008
3814.jpg,189
3817.jpg,181
3819.jpg,081
3820.jpg,089
3821.jpg,153
3822.jpg,187
3824.jpg,072
3825.jpg,115
3827.jpg,005
3828.jpg,145
3830.jpg,116
3831.jpg,161
3834.jpg,057
3836.jpg,182
3837.jpg,083
3838.jpg,082
3841.jpg,073
3844.jpg,075
3845.jpg,140
3846.jpg,013
3847.jpg,087
3848.jpg,117
3858.jpg,089
3861.jpg,001
3862.jpg,188
3863.jpg,089
3866.jpg,188
3868.jpg,017
3870.jpg,156
3871.jpg,183
3873.jpg,016
3874.jpg,040
3878.jpg,170
3880.jpg,183
3882.jpg,158
3886.jpg,150
3892.jpg,171
3895.jpg,008
3898.jpg,020
3900.jpg,147
3905.jpg,063
3907.jpg,157
3910.jpg,052
3913.jpg,182
3914.jpg,149
3917.jpg,199
3920.jpg,194
3921.jpg,059
3922.jpg,199
3924.jpg,200
3929.jpg,065
3930.jpg,171
3931.jpg,162
3934.jpg,075
3937.jpg,088
3938.jpg,043
3939.jpg,078
3941.jpg,130
3944.jpg,076
3947.jpg,092
3948.jpg,019
3956.jpg,117
3958.jpg,051
3959.jpg,053
3961.jpg,065
3962.jpg,081
3963.jpg,108
3971.jpg,157
3973.jpg,044
3975.jpg,076
3977.jpg,062
3978.jpg,149
3980.jpg,025
3982.jpg,162
3983.jpg,166
3985.jpg,061
3986.jpg,064
3989.jpg,033
3993.jpg,158
3996.jpg,099
3997.jpg,109
4001.jpg,071
4004.jpg,056
4005.jpg,077
4006.jpg,006
4007.jpg,007
4008.jpg,064
4009.jpg,178
4010.jpg,068
4011.jpg,068
4012.jpg,020
4014.jpg,167
4016.jpg,140
4017.jpg,177
4018.jpg,039
4020.jpg,156
4022.jpg,017
4025.jpg,088
4026.jpg,165
4027.jpg,008
4028.jpg,030
4032.jpg,108
4035.jpg,068
4037.jpg,147
4040.jpg,033
4041.jpg,075
4044.jpg,061
4045.jpg,014
4046.jpg,069
4047.jpg,014
4048.jpg,152
4049.jpg,150
4051.jpg,078
4052.jpg,082
4054.jpg,044
4060.jpg,118
4061.jpg,090
4062.jpg,139
4064.jpg,032
4065.jpg,061
4068.jpg,159
4071.jpg,083
4072.jpg,046
4073.jpg,016
4081.jpg,106
4083.jpg,085
4084.jpg,121
4087.jpg,024
4090.jpg,199
4093.jpg,088
4095.jpg,199
4097.jpg,144
4098.jpg,015
4100.jpg,003
4101.jpg,083
4104.jpg,139
4107.jpg,142
4112.jpg,168
4113.jpg,143
4115.jpg,076
4116.jpg,061
4119.jpg,155
4120.jpg,112
4122.jpg,199
4126.jpg,006
4127.jpg,074
4128.jpg,141
4129.jpg,125
4132.jpg,001
4133.jpg,113
4134.jpg,108
4141.jpg,103
4143.jpg,151
4147.jpg,095
4148.jpg,195
4150.jpg,085
4152.jpg,083
4157.jpg,189
4159.jpg,069
4160.jpg,107
4161.jpg,097
4162.jpg,077
4163.jpg,057
4164.jpg,113
4165.jpg,079
4166.jpg,136
4167.jpg,102
4168.jpg,161
4169.jpg,165
4172.jpg,119
4174.jpg,034
4175.jpg,109
4177.jpg,101
4178.jpg,138
4179.jpg,158
4181.jpg,042
4184.jpg,124
4186.jpg,027
4189.jpg,002
4190.jpg,070
4191.jpg,002
4193.jpg,116
4196.jpg,177
4198.jpg,013
4199.jpg,119
4203.jpg,033
4205.jpg,019
4207.jpg,140
4213.jpg,052
4215.jpg,194
4218.jpg,148
4222.jpg,177
4223.jpg,012
4228.jpg,131
4231.jpg,176
4232.jpg,139
4235.jpg,103
4237.jpg,157
4239.jpg,116
4241.jpg,155
4242.jpg,098
4243.jpg,075
4244.jpg,107
4246.jpg,109
4254.jpg,051
4255.jpg,180
4256.jpg,008
4257.jpg,161
4258.jpg,118
4260.jpg,027
4262.jpg,161
4263.jpg,179
4267.jpg,167
4269.jpg,037
4270.jpg,128
4271.jpg,125
4275.jpg,153
4277.jpg,050
4279.jpg,032
4281.jpg,069
4283.jpg,115
4287.jpg,091
4288.jpg,182
4292.jpg,193
4293.jpg,113
4294.jpg,179
4298.jpg,191
4299.jpg,191
4300.jpg,021
4302.jpg,019
4305.jpg,097
4306.jpg,198
4307.jpg,034
4308.jpg,187
4310.jpg,094
4311.jpg,180
4313.jpg,029
4316.jpg,037
4320.jpg,010
4321.jpg,129
4322.jpg,114
4323.jpg,085
4324.jpg,189
4327.jpg,143
4331.jpg,111
4334.jpg,073
4335.jpg,118
4336.jpg,070
4339.jpg,093
4344.jpg,008
4345.jpg,033
4348.jpg,009
4349.jpg,117
4350.jpg,001
4351.jpg,059
4357.jpg,135
4358.jpg,096
4359.jpg,074
4362.jpg,030
4363.jpg,112
4364.jpg,009
4365.jpg,052
4367.jpg,069
4368.jpg,096
4369.jpg,149
4372.jpg,117
4374.jpg,168
4376.jpg,074
4377.jpg,100
4380.jpg,139
4382.jpg,051
4387.jpg,153
4393.jpg,029
4394.jpg,015
4396.jpg,059
4397.jpg,166
4400.jpg,069
4402.jpg,023
4405.jpg,118
4407.jpg,064
4410.jpg,047
4412.jpg,058
4413.jpg,166
4414.jpg,130
4416.jpg,027
4418.jpg,185
4420.jpg,015
4421.jpg,158
4424.jpg,028
4425.jpg,065
4426.jpg,061
4427.jpg,001
4433.jpg,183
4442.jpg,160
4443.jpg,049
4445.jpg,163
4447.jpg,053
4448.jpg,107
4451.jpg,054
4453.jpg,173
4456.jpg,105
4458.jpg,185
4461.jpg,170
4462.jpg,191
4464.jpg,052
4465.jpg,112
4466.jpg,044
4467.jpg,092
4469.jpg,016
4471.jpg,099
4472.jpg,002
4473.jpg,175
4474.jpg,009
4484.jpg,002
4486.jpg,010
4489.jpg,072
4492.jpg,147
4493.jpg,031
4496.jpg,183
4497.jpg,086
4498.jpg,191
4499.jpg,175
4500.jpg,008
4501.jpg,010
4502.jpg,170
4503.jpg,147
4508.jpg,047
4510.jpg,165
4511.jpg,079
4512.jpg,109
4518.jpg,090
4519.jpg,195
4520.jpg,039
4522.jpg,003
4526.jpg,099
4528.jpg,009
4532.jpg,102
4534.jpg,030
4538.jpg,047
4542.jpg,175
4544.jpg,132
4546.jpg,037
4549.jpg,104
4550.jpg,067
4554.jpg,138
4558.jpg,170
4560.jpg,174
4561.jpg,063
4562.jpg,007
4563.jpg,054
4565.jpg,088
4567.jpg,125
4569.jpg,199
4571.jpg,185
4572.jpg,050
4573.jpg,124
4575.jpg,146
4578.jpg,162
4584.jpg,122
4585.jpg,035
4586.jpg,114
4589.jpg,083
4590.jpg,167
4591.jpg,020
4592.jpg,117
4593.jpg,001
4596.jpg,186
4597.jpg,066
4598.jpg,183
4599.jpg,160
4600.jpg,084
4601.jpg,093
4602.jpg,072
4604.jpg,032
4606.jpg,105
4607.jpg,056
4610.jpg,086
4613.jpg,199
4617.jpg,036
4618.jpg,189
4626.jpg,003
4628.jpg,031
4629.jpg,142
4630.jpg,191
4631.jpg,071
4635.jpg,035
4636.jpg,024
4640.jpg,190
4641.jpg,194
4642.jpg,077
4643.jpg,032
4645.jpg,095
4646.jpg,050
4647.jpg,028
4649.jpg,066
4650.jpg,140
4652.jpg,049
4655.jpg,189
4656.jpg,097
4657.jpg,041
4659.jpg,071
4663.jpg,186
4664.jpg,110
4665.jpg,013
4667.jpg,185
4668.jpg,170
4669.jpg,040
4670.jpg,102
4673.jpg,129
4674.jpg,086
4675.jpg,193
4677.jpg,087
4681.jpg,166
4682.jpg,088
4684.jpg,184
4685.jpg,073
4686.jpg,177
4687.jpg,032
4695.jpg,070
4696.jpg,180
4697.jpg,186
4702.jpg,050
4703.jpg,059
4710.jpg,116
4711.jpg,191
4717.jpg,085
4718.jpg,012
4719.jpg,028
4720.jpg,162
4721.jpg,122
4723.jpg,030
4725.jpg,059
4728.jpg,014
4729.jpg,131
4732.jpg,164
4733.jpg,113
4741.jpg,078
4742.jpg,065
4743.jpg,099
4745.jpg,073
4748.jpg,136
4753.jpg,092
4755.jpg,020
4756.jpg,194
4758.jpg,003
4759.jpg,180
4760.jpg,089
4761.jpg,104
4767.jpg,128
4768.jpg,176
4769.jpg,053
4771.jpg,031
4772.jpg,160
4774.jpg,071
4775.jpg,060
4776.jpg,064
4777.jpg,026
4778.jpg,004
4779.jpg,032
4785.jpg,188
4786.jpg,157
4789.jpg,166
4790.jpg,146
4792.jpg,060
4794.jpg,104
4799.jpg,070
4803.jpg,170
4807.jpg,016
4808.jpg,047
4809.jpg,191
4811.jpg,015
4812.jpg,049
4814.jpg,088
4816.jpg,156
4817.jpg,040
4818.jpg,153
4819.jpg,019
4820.jpg,111
4821.jpg,052
4827.jpg,194
4831.jpg,125
4832.jpg,031
4836.jpg,192
4837.jpg,046
4839.jpg,158
4840.jpg,038
4843.jpg,174
4845.jpg,065
4847.jpg,053
4848.jpg,121
4849.jpg,145
4850.jpg,191
4851.jpg,152
4852.jpg,160
4853.jpg,107
4854.jpg,120
4856.jpg,135
4857.jpg,145
4858.jpg,017
4859.jpg,193
4861.jpg,017
4863.jpg,060
4869.jpg,141
4870.jpg,010
4871.jpg,177
4872.jpg,184
4874.jpg,172
4876.jpg,159
4878.jpg,088
4879.jpg,001
4882.jpg,082
4885.jpg,096
4886.jpg,121
4887.jpg,179
4890.jpg,060
4892.jpg,059
4900.jpg,062
4902.jpg,150
4905.jpg,083
4908.jpg,156
4914.jpg,164
4917.jpg,191
4922.jpg,194
4923.jpg,027
4926.jpg,062
4927.jpg,170
4928.jpg,090
4930.jpg,146
4931.jpg,154
4936.jpg,048
4937.jpg,144
4938.jpg,143
4939.jpg,157
4940.jpg,061
4941.jpg,151
4942.jpg,090
4943.jpg,176
4944.jpg,003
4945.jpg,137
4947.jpg,159
4950.jpg,057
4951.jpg,028
4953.jpg,102
4954.jpg,116
4955.jpg,162
4956.jpg,035
4958.jpg,150
4960.jpg,080
4961.jpg,014
4962.jpg,122
4964.jpg,132
4969.jpg,055
4970.jpg,020
4972.jpg,171
4975.jpg,138
4976.jpg,017
4978.jpg,109
4984.jpg,031
4985.jpg,135
4987.jpg,141
4988.jpg,184
4989.jpg,124
4991.jpg,182
4992.jpg,180
4993.jpg,116
4994.jpg,042
4998.jpg,039
4999.jpg,051
5001.jpg,147
5003.jpg,037
5004.jpg,169
5005.jpg,154
5006.jpg,183
5012.jpg,002
5014.jpg,198
5018.jpg,101
5019.jpg,165
5021.jpg,154
5022.jpg,139
5024.jpg,109
5025.jpg,144
5028.jpg,143
5029.jpg,149
5030.jpg,118
5035.jpg,092
5036.jpg,147
5037.jpg,081
5040.jpg,105
5042.jpg,074
5043.jpg,102
5044.jpg,041
5046.jpg,194
5048.jpg,115
5049.jpg,130
5051.jpg,195
5053.jpg,193
5054.jpg,026
5059.jpg,002
5061.jpg,135
5063.jpg,027
5068.jpg,150
5069.jpg,184
5072.jpg,074
5073.jpg,163
5074.jpg,177
5075.jpg,152
5076.jpg,055
5081.jpg,114
5082.jpg,133
5087.jpg,174
5089.jpg,001
5091.jpg,008
5092.jpg,082
5093.jpg,085
5094.jpg,012
5096.jpg,043
5099.jpg,064
5102.jpg,077
5103.jpg,062
5104.jpg,180
5105.jpg,171
5107.jpg,038
5109.jpg,011
5112.jpg,022
5117.jpg,189
5118.jpg,176
5120.jpg,044
5121.jpg,085
5123.jpg,177
5126.jpg,131
5127.jpg,061
5128.jpg,061
5129.jpg,019
5131.jpg,069
5133.jpg,102
5134.jpg,031
5135.jpg,001
5136.jpg,132
5138.jpg,117
5142.jpg,185
5143.jpg,069
5146.jpg,010
5149.jpg,127
5150.jpg,101
5152.jpg,112
5153.jpg,181
5158.jpg,121
5159.jpg,060
5160.jpg,057
5162.jpg,054
5164.jpg,015
5165.jpg,121
5167.jpg,057
5169.jpg,183
5172.jpg,094
5173.jpg,044
5176.jpg,080
5177.jpg,163
5178.jpg,012
5180.jpg,157
5181.jpg,038
5183.jpg,156
5185.jpg,132
5187.jpg,180
5190.jpg,109
5191.jpg,148
5194.jpg,190
5195.jpg,167
5196.jpg,059
5198.jpg,046
5201.jpg,036
5202.jpg,067
5204.jpg,193
5205.jpg,098
5207.jpg,175
5211.jpg,149
5213.jpg,070
5215.jpg,013
5217.jpg,052
5218.jpg,153
5219.jpg,146
5220.jpg,197
5222.jpg,178
5223.jpg,101
5224.jpg,024
5225.jpg,195
5228.jpg,114
5231.jpg,101
5232.jpg,010
5233.jpg,161
5234.jpg,190
5235.jpg,018
5237.jpg,168
5239.jpg,105
5242.jpg,124
5243.jpg,074
5245.jpg,179
5248.jpg,130
5249.jpg,127
5253.jpg,086
5254.jpg,159
5255.jpg,182
5260.jpg,138
5261.jpg,082
5263.jpg,119
5264.jpg,095
5267.jpg,070
5268.jpg,145
5270.jpg,128
5274.jpg,076
5277.jpg,011
5278.jpg,064
5279.jpg,074
5283.jpg,191
5285.jpg,101
5286.jpg,145
5288.jpg,099
5291.jpg,050
5292.jpg,015
5296.jpg,078
5297.jpg,030
5298.jpg,006
5302.jpg,168
5303.jpg,017
5307.jpg,039
5308.jpg,008
5310.jpg,125
5313.jpg,150
5314.jpg,065
5317.jpg,058
5321.jpg,059
5324.jpg,098
5325.jpg,062
5326.jpg,196
5327.jpg,074
5328.jpg,115
5329.jpg,158
5330.jpg,120
5331.jpg,154
5332.jpg,036
5334.jpg,165
5337.jpg,134
5338.jpg,048
5340.jpg,164
5342.jpg,035
5344.jpg,129
5345.jpg,200
5349.jpg,191
5351.jpg,045
5353.jpg,123
5354.jpg,037
5357.jpg,200
5358.jpg,120
5360.jpg,093
5364.jpg,017
5368.jpg,032
5371.jpg,015
5372.jpg,075
5373.jpg,170
5374.jpg,054
5378.jpg,006
5382.jpg,081
5383.jpg,108
5385.jpg,125
5386.jpg,001
5394.jpg,120
5398.jpg,092
5399.jpg,015
5404.jpg,185
5410.jpg,005
5411.jpg,180
5412.jpg,027
5413.jpg,132
5416.jpg,181
5418.jpg,141
5421.jpg,132
5424.jpg,151
5427.jpg,060
5429.jpg,011
5430.jpg,011
5431.jpg,141
5432.jpg,171
5433.jpg,111
5435.jpg,189
5436.jpg,012
5443.jpg,086
5444.jpg,198
5445.jpg,104
5448.jpg,044
5449.jpg,090
5451.jpg,175
5452.jpg,066
5453.jpg,025
5456.jpg,067
5457.jpg,156
5459.jpg,037
5460.jpg,076
5461.jpg,178
5464.jpg,048
5466.jpg,164
5467.jpg,112
5468.jpg,159
5469.jpg,028
5470.jpg,197
5471.jpg,110
5474.jpg,035
5476.jpg,130
5477.jpg,121
5479.jpg,018
5480.jpg,143
5481.jpg,169
5483.jpg,121
5484.jpg,172
5488.jpg,122
5490.jpg,197
5493.jpg,181
5496.jpg,002
5497.jpg,055
5499.jpg,025
5502.jpg,139
5505.jpg,186
5507.jpg,042
5510.jpg,099
5514.jpg,116
5515.jpg,103
5516.jpg,109
5517.jpg,053
5518.jpg,076
5520.jpg,155
5524.jpg,080
5525.jpg,189
5526.jpg,009
5530.jpg,105
5534.jpg,106
5535.jpg,060
5538.jpg,174
5539.jpg,066
5541.jpg,068
5542.jpg,199
5543.jpg,137
5544.jpg,117
5546.jpg,120
5549.jpg,147
5551.jpg,160
5552.jpg,068
5558.jpg,035
5560.jpg,195
5561.jpg,105
5564.jpg,163
5565.jpg,001
5567.jpg,047
5568.jpg,113
5571.jpg,120
5573.jpg,103
5574.jpg,023
5576.jpg,090
5577.jpg,146
5585.jpg,046
5586.jpg,024
5587.jpg,028
5588.jpg,166
5590.jpg,126
5594.jpg,142
5598.jpg,188
5600.jpg,130
5602.jpg,062
5604.jpg,156
5605.jpg,184
5607.jpg,046
5608.jpg,166
5611.jpg,198
5615.jpg,108
5616.jpg,003
5622.jpg,127
5623.jpg,153
5624.jpg,175
5627.jpg,173
5628.jpg,158
5632.jpg,032
5633.jpg,040
5634.jpg,139
5636.jpg,144
5637.jpg,039
5642.jpg,018
5643.jpg,108
5646.jpg,028
5649.jpg,046
5651.jpg,104
5653.jpg,109
5655.jpg,037
5656.jpg,129
5659.jpg,001
5660.jpg,041
5662.jpg,029
5663.jpg,129
5664.jpg,015
5665.jpg,142
5666.jpg,062
5667.jpg,137
5668.jpg,040
5669.jpg,117
5670.jpg,102
5671.jpg,137
5672.jpg,178
5674.jpg,099
5677.jpg,137
5680.jpg,145
5682.jpg,005
5683.jpg,072
5685.jpg,196
5686.jpg,049
5688.jpg,054
5690.jpg,021
5691.jpg,181
5692.jpg,098
5695.jpg,100
5696.jpg,058
5698.jpg,193
5700.jpg,121
5701.jpg,188
5702.jpg,113
5704.jpg,197
5705.jpg,109
5706.jpg,042
5711.jpg,058
5712.jpg,080
5714.jpg,094
5715.jpg,101
5716.jpg,011
5718.jpg,108
5720.jpg,041
5721.jpg,022
5722.jpg,139
5723.jpg,193
5724.jpg,084
5726.jpg,047
5730.jpg,080
5731.jpg,036
5732.jpg,073
5733.jpg,133
5735.jpg,031
5736.jpg,023
5740.jpg,133
5741.jpg,114
5745.jpg,034
5749.jpg,117
5751.jpg,030
5752.jpg,039
5754.jpg,106
5756.jpg,034
5758.jpg,006
5759.jpg,116
5761.jpg,148
5764.jpg,054
5765.jpg,005
5766.jpg,100
5767.jpg,069
5771.jpg,123
5772.jpg,192
5775.jpg,175
5777.jpg,053
5779.jpg,150
5780.jpg,148
5781.jpg,014
5782.jpg,014
5784.jpg,081
5786.jpg,166
5788.jpg,105
5791.jpg,132
5795.jpg,050
5796.jpg,060
5798.jpg,058
5800.jpg,181
5801.jpg,127
5802.jpg,194
5803.jpg,060
5804.jpg,168
5806.jpg,169
5808.jpg,114
5811.jpg,126
5812.jpg,108
5813.jpg,134
5817.jpg,056
5819.jpg,032
5822.jpg,130
5823.jpg,075
5826.jpg,106
5828.jpg,159
5829.jpg,056
5833.jpg,002
5834.jpg,085
5836.jpg,144
5838.jpg,181
5839.jpg,165
5840.jpg,094
5841.jpg,152
5842.jpg,068
5843.jpg,127
5848.jpg,016
5851.jpg,187
5852.jpg,146
5854.jpg,131
5855.jpg,069
5856.jpg,182
5857.jpg,088
5858.jpg,021
5861.jpg,057
5865.jpg,053
5866.jpg,153
5867.jpg,026
5868.jpg,072
5869.jpg,130
5870.jpg,026
5872.jpg,199
5875.jpg,100
5876.jpg,090
5879.jpg,089
5881.jpg,061
5882.jpg,023
5884.jpg,166
5887.jpg,119
5889.jpg,086
5896.jpg,061
5898.jpg,179
5899.jpg,058
5900.jpg,094
5904.jpg,153
5905.jpg,146
5906.jpg,080
5907.jpg,005
5909.jpg,070
5910.jpg,006
5911.jpg,174
5915.jpg,094
5918.jpg,189
5920.jpg,082
5922.jpg,200
5923.jpg,131
5924.jpg,059
5925.jpg,032
5926.jpg,028
5928.jpg,046
5929.jpg,023
5930.jpg,031
5931.jpg,133
5936.jpg,039
5937.jpg,065
5941.jpg,045
5943.jpg,073
5944.jpg,025
5946.jpg,084
5948.jpg,114
5952.jpg,121
5953.jpg,027
5956.jpg,065
5958.jpg,076
5959.jpg,160
5960.jpg,024
5961.jpg,003
5963.jpg,057
5964.jpg,160
5967.jpg,041
5970.jpg,084
5971.jpg,159
5972.jpg,147
5974.jpg,082
5975.jpg,179
5976.jpg,060
5977.jpg,169
5978.jpg,031
5980.jpg,008
5981.jpg,174
5983.jpg,101
5986.jpg,040
5988.jpg,135
5992.jpg,024
5993.jpg,060
5995.jpg,020
5996.jpg,119
5999.jpg,090
6000.jpg,137
6001.jpg,179
6012.jpg,074
6014.jpg,057
6015.jpg,055
6019.jpg,100
6020.jpg,064
6023.jpg,051
6025.jpg,049
6026.jpg,039
6029.jpg,025
6031.jpg,008
